{
  "dense": {
    "model_info": {
      "type": "dense",
      "sparsity": 0.0
    },
    "mia_results": {
      "lira": {
        "accuracy": 0.3908333333333333,
        "precision": 0.8493506493506493,
        "recall": 0.327,
        "f1": 0.472202166064982,
        "auc": 0.540031,
        "member_mean": -3.180775825975335,
        "member_std": 1.4655065093748079,
        "non_member_mean": -3.047216226190744,
        "non_member_std": 1.4044430239833143
      },
      "shokri_nn": {
        "accuracy": 0.8333333333333334,
        "precision": 0.8333333333333334,
        "recall": 1.0,
        "f1": 0.9090909090909091,
        "auc": 0.6260463000000001
      },
      "top3_nn": {
        "accuracy": 0.8333333333333334,
        "precision": 0.8333333333333334,
        "recall": 1.0,
        "f1": 0.9090909090909091,
        "auc": 0.6281365
      },
      "class_label_nn": {
        "accuracy": 0.8333333333333334,
        "precision": 0.8333333333333334,
        "recall": 1.0,
        "f1": 0.9090909090909091,
        "auc": 0.6224676
      },
      "samia": {
        "accuracy": 0.8338333333333333,
        "precision": 0.8352034835036007,
        "recall": 0.9974,
        "f1": 0.9091240543250387,
        "auc": 0.626596
      }
    }
  },
  "dense_baseline": {
    "model_info": {
      "type": "dense",
      "sparsity": 0.0
    },
    "mia_results": {
      "lira": {
        "accuracy": 0.371,
        "precision": 0.8338779956427015,
        "recall": 0.3062,
        "f1": 0.4479227618490346,
        "auc": 0.4889298,
        "member_mean": -3.175861529763839,
        "member_std": 1.4397480675448044,
        "non_member_mean": -3.1250658193548104,
        "non_member_std": 1.3767518942597383
      },
      "shokri_nn": {
        "accuracy": 0.8341666666666666,
        "precision": 0.8345864661654135,
        "recall": 0.999,
        "f1": 0.9094219390077378,
        "auc": 0.6231861999999999
      },
      "top3_nn": {
        "accuracy": 0.8333333333333334,
        "precision": 0.8333333333333334,
        "recall": 1.0,
        "f1": 0.9090909090909091,
        "auc": 0.6246064
      },
      "class_label_nn": {
        "accuracy": 0.8343333333333334,
        "precision": 0.8353985264567984,
        "recall": 0.9978,
        "f1": 0.9094057601166605,
        "auc": 0.6146316
      },
      "samia": {
        "accuracy": 0.8341666666666666,
        "precision": 0.8367243988565664,
        "recall": 0.9952,
        "f1": 0.9091075180414725,
        "auc": 0.6242065
      }
    }
  },
  "static_sparsity0.5": {
    "model_info": {
      "type": "static",
      "sparsity": 0.5
    },
    "mia_results": {
      "lira": {
        "accuracy": 0.37533333333333335,
        "precision": 0.8333333333333334,
        "recall": 0.313,
        "f1": 0.45507414946205293,
        "auc": 0.5181804,
        "member_mean": -3.1787050970379527,
        "member_std": 1.465280550248955,
        "non_member_mean": -3.0618547878158227,
        "non_member_std": 1.4169988263950728
      },
      "shokri_nn": {
        "accuracy": 0.8333333333333334,
        "precision": 0.8333333333333334,
        "recall": 1.0,
        "f1": 0.9090909090909091,
        "auc": 0.6245506
      },
      "top3_nn": {
        "accuracy": 0.8333333333333334,
        "precision": 0.8333333333333334,
        "recall": 1.0,
        "f1": 0.9090909090909091,
        "auc": 0.6231492000000001
      },
      "class_label_nn": {
        "accuracy": 0.8333333333333334,
        "precision": 0.8333333333333334,
        "recall": 1.0,
        "f1": 0.9090909090909091,
        "auc": 0.6206226
      },
      "samia": {
        "accuracy": 0.8333333333333334,
        "precision": 0.8333333333333334,
        "recall": 1.0,
        "f1": 0.9090909090909091,
        "auc": 0.6250347
      }
    }
  },
  "static_sparsity0.7": {
    "model_info": {
      "type": "static",
      "sparsity": 0.7
    },
    "mia_results": {
      "lira": {
        "accuracy": 0.3501666666666667,
        "precision": 0.8326283987915408,
        "recall": 0.2756,
        "f1": 0.4141247182569497,
        "auc": 0.49106879999999997,
        "member_mean": -3.1554227092381573,
        "member_std": 1.458001484441092,
        "non_member_mean": -3.148329718335876,
        "non_member_std": 1.403837652410533
      },
      "shokri_nn": {
        "accuracy": 0.8345,
        "precision": 0.8364399664147775,
        "recall": 0.9962,
        "f1": 0.9093564582382473,
        "auc": 0.6407419000000001
      },
      "top3_nn": {
        "accuracy": 0.8333333333333334,
        "precision": 0.8333333333333334,
        "recall": 1.0,
        "f1": 0.9090909090909091,
        "auc": 0.6389232
      },
      "class_label_nn": {
        "accuracy": 0.8293333333333334,
        "precision": 0.8371777476255088,
        "recall": 0.9872,
        "f1": 0.9060205580029368,
        "auc": 0.6330262
      },
      "samia": {
        "accuracy": 0.8275,
        "precision": 0.842578192500432,
        "recall": 0.9752,
        "f1": 0.904051172707889,
        "auc": 0.6423586
      }
    }
  },
  "static_sparsity0.8": {
    "model_info": {
      "type": "static",
      "sparsity": 0.8
    },
    "mia_results": {
      "lira": {
        "accuracy": 0.36466666666666664,
        "precision": 0.8565426170468188,
        "recall": 0.2854,
        "f1": 0.42814281428142814,
        "auc": 0.5104038,
        "member_mean": -3.202668673686764,
        "member_std": 1.4394961122588872,
        "non_member_mean": -3.092005149119767,
        "non_member_std": 1.3315500317769389
      },
      "shokri_nn": {
        "accuracy": 0.8333333333333334,
        "precision": 0.8333333333333334,
        "recall": 1.0,
        "f1": 0.9090909090909091,
        "auc": 0.6204563999999999
      },
      "top3_nn": {
        "accuracy": 0.8333333333333334,
        "precision": 0.8333333333333334,
        "recall": 1.0,
        "f1": 0.9090909090909091,
        "auc": 0.6171523999999999
      },
      "class_label_nn": {
        "accuracy": 0.8333333333333334,
        "precision": 0.8334444814938313,
        "recall": 0.9998,
        "f1": 0.9090743771594836,
        "auc": 0.6156884
      },
      "samia": {
        "accuracy": 0.8306666666666667,
        "precision": 0.8370558375634518,
        "recall": 0.9894,
        "f1": 0.9068744271310725,
        "auc": 0.6199559
      }
    }
  },
  "static_sparsity0.9": {
    "model_info": {
      "type": "static",
      "sparsity": 0.9
    },
    "mia_results": {
      "lira": {
        "accuracy": 0.343,
        "precision": 0.8339646464646465,
        "recall": 0.2642,
        "f1": 0.4012758201701094,
        "auc": 0.5376372,
        "member_mean": -3.2010473357602196,
        "member_std": 1.460781523527537,
        "non_member_mean": -3.072884964932763,
        "non_member_std": 1.3907843336491963
      },
      "shokri_nn": {
        "accuracy": 0.829,
        "precision": 0.8366655371060657,
        "recall": 0.9876,
        "f1": 0.9058888277380297,
        "auc": 0.6261474
      },
      "top3_nn": {
        "accuracy": 0.8333333333333334,
        "precision": 0.8333333333333334,
        "recall": 1.0,
        "f1": 0.9090909090909091,
        "auc": 0.6251548
      },
      "class_label_nn": {
        "accuracy": 0.8333333333333334,
        "precision": 0.833667000333667,
        "recall": 0.9994,
        "f1": 0.9090412952519555,
        "auc": 0.6134737
      },
      "samia": {
        "accuracy": 0.8243333333333334,
        "precision": 0.8390034364261169,
        "recall": 0.9766,
        "f1": 0.9025878003696858,
        "auc": 0.6236087
      }
    }
  },
  "static_sparsity0.95": {
    "model_info": {
      "type": "static",
      "sparsity": 0.95
    },
    "mia_results": {
      "lira": {
        "accuracy": 0.43033333333333335,
        "precision": 0.8309623430962343,
        "recall": 0.3972,
        "f1": 0.5374830852503383,
        "auc": 0.5018594,
        "member_mean": -3.2154991783876197,