{
  "dense_cifar10": {
    "model_info": {
      "type": "dense",
      "sparsity": 0.0,
      "path": "runs/dense/cifar10",
      "method": "dense"
    },
    "mia_results": {
      "confidence": {
        "accuracy": 0.19816666666666666,
        "precision": 0.895397489539749,
        "recall": 0.0428,
        "f1": 0.08169497995800726,
        "threshold": 0.5169617639061632
      },
      "entropy": {
        "accuracy": 0.534,
        "precision": 0.8826388888888889,
        "recall": 0.5084,
        "f1": 0.6451776649746193,
        "threshold": -1.593206827174191
      },
      "modified_entropy": {
        "accuracy": 0.19783333333333333,
        "precision": 0.9047619047619048,
        "recall": 0.0418,
        "f1": 0.07990823934238195,
        "threshold": -0.35988326612794796
      },
      "neural_network": {
        "accuracy": 0.8333333333333334,
        "precision": 0.8333333333333334,
        "recall": 1.0,
        "f1": 0.9090909090909091,
        "auc": 0.6252580999999999
      }
    }
  },
  "dpf_sparsity_0.7_freeze180_cifar10": {
    "model_info": {
      "type": "dpf",
      "sparsity": 0.7,
      "path": "runs/dpf/sparsity_0.7_freeze180/cifar10",
      "method": "dpf"
    },
    "mia_results": {
      "confidence": {
        "accuracy": 0.19816666666666666,
        "precision": 0.895397489539749,
        "recall": 0.0428,
        "f1": 0.08169497995800726,
        "threshold": 0.5170474980683541
      },
      "entropy": {
        "accuracy": 0.5356666666666666,
        "precision": 0.8822513812154696,
        "recall": 0.511,
        "f1": 0.6471631205673759,
        "threshold": -1.5948864071842586
      },
      "modified_entropy": {
        "accuracy": 0.19783333333333333,
        "precision": 0.9047619047619048,
        "recall": 0.0418,
        "f1": 0.07990823934238195,
        "threshold": -0.35975134985003543
      },
      "neural_network": {
        "accuracy": 0.8333333333333334,
        "precision": 0.8333333333333334,
        "recall": 1.0,
        "f1": 0.9090909090909091,
        "auc": 0.6238109000000001
      }
    }
  },
  "dpf_sparsity_0.8_freeze180_cifar10": {
    "model_info": {
      "type": "dpf",
      "sparsity": 0.8,
      "path": "runs/dpf/sparsity_0.8_freeze180/cifar10",
      "method": "dpf"
    },
    "mia_results": {
      "confidence": {
        "accuracy": 0.198,
        "precision": 0.8949579831932774,
        "recall": 0.0426,
        "f1": 0.08132875143184422,
        "threshold": 0.5170474980683541
      },
      "entropy": {
        "accuracy": 0.5333333333333333,
        "precision": 0.8827418232428671,
        "recall": 0.5074,
        "f1": 0.6443992887985776,
        "threshold": -1.5948864071842586
      },
      "modified_entropy": {
        "accuracy": 0.1975,
        "precision": 0.9039301310043668,
        "recall": 0.0414,
        "f1": 0.07917383820998279,
        "threshold": -0.35975134985003543
      },
      "neural_network": {
        "accuracy": 0.8333333333333334,
        "precision": 0.8333333333333334,
        "recall": 1.0,
        "f1": 0.9090909090909091,
        "auc": 0.6245989999999999
      }
    }
  },
  "dpf_sparsity_0.8_nofreeze_cifar10": {
    "model_info": {
      "type": "dpf",
      "sparsity": 0.8,
      "path": "runs/dpf/sparsity_0.8_nofreeze/cifar10",
      "method": "dpf"
    },
    "mia_results": {
      "confidence": {
        "accuracy": 0.198,
        "precision": 0.8949579831932774,
        "recall": 0.0426,
        "f1": 0.08132875143184422,
        "threshold": 0.5170474980683541
      },
      "entropy": {
        "accuracy": 0.532,
        "precision": 0.8824145150034892,
        "recall": 0.5058,
        "f1": 0.6430205949656751,
        "threshold": -1.5948864071842586
      },
      "modified_entropy": {
        "accuracy": 0.1975,
        "precision": 0.9039301310043668,
        "recall": 0.0414,
        "f1": 0.07917383820998279,
        "threshold": -0.35975134985003543
      },
      "neural_network": {
        "accuracy": 0.8333333333333334,
        "precision": 0.8333333333333334,
        "recall": 1.0,
        "f1": 0.9090909090909091,
        "auc": 0.6251695
      }
    }
  },
  "dpf_sparsity_0.7_nofreeze_cifar10": {
    "model_info": {
      "type": "dpf",
      "sparsity": 0.7,
      "path": "runs/dpf/sparsity_0.7_nofreeze/cifar10",
      "method": "dpf"
    },
    "mia_results": {
      "confidence": {
        "accuracy": 0.198,
        "precision": 0.8949579831932774,
        "recall": 0.0426,
        "f1": 0.08132875143184422,
        "threshold": 0.5170474980683541
      },
      "entropy": {
        "accuracy": 0.5345,
        "precision": 0.8824956672443675,
        "recall": 0.5092,
        "f1": 0.6457831325301204,
        "threshold": -1.5948864071842586
      },
      "modified_entropy": {
        "accuracy": 0.19783333333333333,
        "precision": 0.9047619047619048,
        "recall": 0.0418,
        "f1": 0.07990823934238195,
        "threshold": -0.35975134985003543
      },
      "neural_network": {
        "accuracy": 0.8333333333333334,
        "precision": 0.8333333333333334,
        "recall": 1.0,
        "f1": 0.9090909090909091,
        "auc": 0.6248692
      }
    }
  },
  "dpf_sparsity_0.95_freeze180_cifar10": {
    "model_info": {
      "type": "dpf",
      "sparsity": 0.95,
      "path": "runs/dpf/sparsity_0.95_freeze180/cifar10",
      "method": "dpf"
    },
    "mia_results": {
      "confidence": {
        "accuracy": 0.196,
        "precision": 0.9112149532710281,
        "recall": 0.039,
        "f1": 0.07479861910241657,
        "threshold": 0.5170474980683541
      },
      "entropy": {
        "accuracy": 0.512,
        "precision": 0.8862788963460104,
        "recall": 0.4754,
        "f1": 0.6188492580057275,
        "threshold": -1.5948864071842586
      },
      "modified_entropy": {
        "accuracy": 0.19533333333333333,
        "precision": 0.9134615384615384,
        "recall": 0.038,
        "f1": 0.07296466973886329,
        "threshold": -0.35975134985003543
      },
      "neural_network": {
        "accuracy": 0.8333333333333334,
        "precision": 0.8333333333333334,
        "recall": 1.0,
        "f1": 0.9090909090909091,
        "auc": 0.6237825
      }
    }
  },
  "dpf_sparsity_0.9_nofreeze_cifar10": {
    "model_info": {
      "type": "dpf",
      "sparsity": 0.9,
      "path": "runs/dpf/sparsity_0.9_nofreeze/cifar10",
      "method": "dpf"
    },
    "mia_results": {
      "confidence": {
        "accuracy": 0.19766666666666666,
        "precision": 0.9151785714285714,
        "recall": 0.041,
        "f1": 0.07848392036753445,
        "threshold": 0.5170474980683541
      },
      "entropy": {
        "accuracy": 0.5228333333333334,
        "precision": 0.8842143113987774,
        "recall": 0.4918,
        "f1": 0.6320524354196119,
        "threshold": -1.5948864071842586
      },
      "modified_entropy": {
        "accuracy": 0.19716666666666666,
        "precision": 0.9140271493212669,
        "recall": 0.0404,
        "f1": 0.07737981229649492,
        "threshold": -0.35975134985003543
      },
      "neural_network": {
        "accuracy": 0.8333333333333334,
        "precision": 0.8333333333333334,
        "recall": 1.0,
        "f1": 0.9090909090909091,
        "auc": 0.6230224
      }
    }
  },
  "dpf_sparsity_0.95_nofreeze_cifar10": {
    "model_info": {
      "type": "dpf",
      "sparsity": 0.95,
      "path": "runs/dpf/sparsity_0.95_nofreeze/cifar10",
      "method": "dpf"
    },
    "mia_results": {
      "confidence": {
        "accuracy": 0.19483333333333333,
        "precision": 0.9121951219512195,
        "recall": 0.0374,
        "f1": 0.0718539865513929,
        "threshold": 0.5170474980683541
      },
      "entropy": {
        "accuracy": 0.506,
        "precision": 0.8873668188736682,
        "recall": 0.4664,
        "f1": 0.6114315679077085,
        "threshold": -1.5948864071842586
      },