{
  "dense": {
    "model_info": {
      "type": "dense",
      "sparsity": 0.0
    },
    "mia_results": {
      "confidence": {
        "accuracy": 0.21533333333333332,
        "precision": 0.8427230046948356,
        "recall": 0.0718,
        "f1": 0.13232583855510507,
        "threshold": 0.43461373100494766
      },
      "entropy": {
        "accuracy": 0.715,
        "precision": 0.8626543209876543,
        "recall": 0.7826,
        "f1": 0.8206795302013422,
        "threshold": -1.745938775611512
      },
      "modified_entropy": {
        "accuracy": 0.214,
        "precision": 0.8446601941747572,
        "recall": 0.0696,
        "f1": 0.1286031042128603,
        "threshold": -0.5255747903842913
      },
      "neural_network": {
        "accuracy": 0.8333333333333334,
        "precision": 0.8333333333333334,
        "recall": 1.0,
        "f1": 0.9090909090909091,
        "auc": 0.6260167
      }
    }
  },
  "static": {
    "model_info": {
      "type": "static",
      "sparsity": 0.8
    },
    "mia_results": {
      "confidence": {
        "accuracy": 0.198,
        "precision": 0.8821138211382114,
        "recall": 0.0434,
        "f1": 0.08272969881814717,
        "threshold": 0.4497474772121286
      },
      "entropy": {
        "accuracy": 0.42883333333333334,
        "precision": 0.8736342042755344,
        "recall": 0.3678,
        "f1": 0.5176636171710064,
        "threshold": -1.6256430523494036
      },
      "modified_entropy": {
        "accuracy": 0.1975,
        "precision": 0.8838174273858921,
        "recall": 0.0426,
        "f1": 0.08128219805380653,
        "threshold": -0.5045395213826759
      },
      "neural_network": {
        "accuracy": 0.8306666666666667,
        "precision": 0.8358057990559676,
        "recall": 0.9916,
        "f1": 0.9070618368093669,
        "auc": 0.6136596
      }
    }
  },
  "dpf": {
    "model_info": {
      "type": "dpf",
      "sparsity": 0.8
    },
    "mia_results": {
      "confidence": {
        "accuracy": 0.18433333333333332,
        "precision": 0.8955223880597015,
        "recall": 0.024,
        "f1": 0.04674717569146864,
        "threshold": 0.5220251536342669
      },
      "entropy": {
        "accuracy": 0.431,
        "precision": 0.8980923694779116,
        "recall": 0.3578,
        "f1": 0.5117276887871853,
        "threshold": -1.5942269822691646
      },
      "modified_entropy": {
        "accuracy": 0.18416666666666667,
        "precision": 0.9007633587786259,
        "recall": 0.0236,
        "f1": 0.04599493276164491,
        "threshold": -0.3521444534980557
      },
      "neural_network": {
        "accuracy": 0.8333333333333334,
        "precision": 0.8333333333333334,
        "recall": 1.0,
        "f1": 0.9090909090909091,
        "auc": 0.6167562999999999
      }
    }
  },
  "dense_baseline": {
    "model_info": {
      "type": "dense",
      "sparsity": 0.0
    },
    "mia_results": {
      "confidence": {
        "accuracy": 0.19866666666666666,
        "precision": 0.8934426229508197,
        "recall": 0.0436,
        "f1": 0.08314263920671243,
        "threshold": 0.5220251536342669
      },
      "entropy": {
        "accuracy": 0.5501666666666667,
        "precision": 0.8805822031094939,
        "recall": 0.5324,
        "f1": 0.6635921725040508,
        "threshold": -1.5942269822691646
      },
      "modified_entropy": {
        "accuracy": 0.1985,
        "precision": 0.9029535864978903,
        "recall": 0.0428,
        "f1": 0.08172617911017757,
        "threshold": -0.3521444534980557
      },
      "neural_network": {
        "accuracy": 0.8333333333333334,
        "precision": 0.8333333333333334,
        "recall": 1.0,
        "f1": 0.9090909090909091,
        "auc": 0.6253818
      }
    }
  },
  "static_sparsity0.5": {
    "model_info": {
      "type": "static",
      "sparsity": 0.5
    },
    "mia_results": {
      "confidence": {
        "accuracy": 0.18866666666666668,
        "precision": 0.9074074074074074,
        "recall": 0.0294,
        "f1": 0.05695466873304921,
        "threshold": 0.5220251536342669
      },
      "entropy": {
        "accuracy": 0.4593333333333333,
        "precision": 0.8937219730941705,
        "recall": 0.3986,
        "f1": 0.551313969571231,
        "threshold": -1.5942269822691646
      },
      "modified_entropy": {
        "accuracy": 0.187,
        "precision": 0.9066666666666666,
        "recall": 0.0272,
        "f1": 0.05281553398058252,
        "threshold": -0.3521444534980557
      },
      "neural_network": {
        "accuracy": 0.8333333333333334,
        "precision": 0.8333333333333334,
        "recall": 1.0,
        "f1": 0.9090909090909091,
        "auc": 0.6192791
      }
    }
  },
  "static_sparsity0.7": {
    "model_info": {
      "type": "static",
      "sparsity": 0.7
    },
    "mia_results": {
      "confidence": {
        "accuracy": 0.1835,
        "precision": 0.8914728682170543,
        "recall": 0.023,
        "f1": 0.04484304932735426,
        "threshold": 0.5220251536342669
      },
      "entropy": {
        "accuracy": 0.42433333333333334,
        "precision": 0.898043254376931,
        "recall": 0.3488,
        "f1": 0.5024488619994238,
        "threshold": -1.5942269822691646
      },
      "modified_entropy": {
        "accuracy": 0.183,
        "precision": 0.8951612903225806,
        "recall": 0.0222,
        "f1": 0.04332552693208431,
        "threshold": -0.3521444534980557
      },
      "neural_network": {
        "accuracy": 0.8333333333333334,
        "precision": 0.8333333333333334,
        "recall": 1.0,
        "f1": 0.9090909090909091,
        "auc": 0.6150075
      }
    }
  },
  "static_sparsity0.8": {
    "model_info": {
      "type": "static",
      "sparsity": 0.8
    },
    "mia_results": {
      "confidence": {
        "accuracy": 0.198,
        "precision": 0.8821138211382114,
        "recall": 0.0434,
        "f1": 0.08272969881814717,
        "threshold": 0.4497474772121286
      },
      "entropy": {
        "accuracy": 0.42883333333333334,
        "precision": 0.8736342042755344,
        "recall": 0.3678,
        "f1": 0.5176636171710064,
        "threshold": -1.6256430523494036
      },
      "modified_entropy": {
        "accuracy": 0.1975,
        "precision": 0.8838174273858921,
        "recall": 0.0426,
        "f1": 0.08128219805380653,
        "threshold": -0.5045395213826759
      },
      "neural_network": {
        "accuracy": 0.8326666666666667,
        "precision": 0.8348977539389876,
        "recall": 0.9962,
        "f1": 0.9084442823271932,
        "auc": 0.6145082000000001
      }
    }
  },
  "static_sparsity0.9": {
    "model_info": {
      "type": "static",
      "sparsity": 0.9
    },
    "mia_results": {
      "confidence": {
        "accuracy": 0.19766666666666666,
        "precision": 0.8842975206611571,
        "recall": 0.0428,
        "f1": 0.08164822586798932,
        "threshold": 0.4497474772121286
      },
      "entropy": {
        "accuracy": 0.42233333333333334,
        "precision": 0.8759803921568627,
        "recall": 0.3574,
        "f1": 0.5076704545454546,
        "threshold": -1.6256430523494036
      },
      "modified_entropy": {
        "accuracy": 0.19666666666666666,
        "precision": 0.8846153846153846,
        "recall": 0.0414,
        "f1": 0.07909820405043942,
        "threshold": -0.5045395213826759
      },
      "neural_network": {
        "accuracy": 0.8335,
        "precision": 0.833472245374229,
        "recall": 1.0,
        "f1": 0.9091735612328394,
        "auc": 0.6136715
      }
    }
  },
  "static_sparsity0.95": {
    "model_info": {
      "type": "static",
      "sparsity": 0.95
    },
    "mia_results": {
      "confidence": {
        "accuracy": 0.19766666666666666,
        "precision": 0.8842975206611571,
        "recall": 0.0428,
        "f1": 0.08164822586798932,
        "threshold": 0.4497474772121286
      },
      "entropy": {
        "accuracy": 0.42233333333333334,