{
  "dwa_kill_active_plain_dead_s0.5_cifar10": {
    "model_info": {
      "type": "dwa",
      "method": "dwa_kill_active_plain_dead",
      "variant": "kill_active_plain_dead",
      "sparsity": 0.5,
      "path": "runs/dwa/kill_active_plain_dead/sparsity_0.5/cifar10"
    },
    "mia_results": {
      "confidence": {
        "accuracy": 0.21866666666666668,
        "precision": 0.8679245283018868,
        "recall": 0.0736,
        "f1": 0.13569321533923304,
        "threshold": 0.43343341215870346
      },
      "entropy": {
        "accuracy": 0.6566666666666666,
        "precision": 0.8693467336683417,
        "recall": 0.692,
        "f1": 0.7706013363028954,
        "threshold": -1.7008491431267432
      },
      "modified_entropy": {
        "accuracy": 0.22033333333333333,
        "precision": 0.8642533936651584,
        "recall": 0.0764,
        "f1": 0.14038956266078645,
        "threshold": -0.5691271942640818
      },
      "neural_network": {
        "accuracy": 0.8333333333333334,
        "precision": 0.8333333333333334,
        "recall": 1.0,
        "f1": 0.9090909090909091,
        "auc": 0.6370286000000001
      }
    },
    "shadow_used": [
      "dwa_kill_active_plain_dead_s0.7_cifar10",
      "dwa_kill_active_plain_dead_s0.8_cifar10"
    ]
  },
  "dwa_kill_active_plain_dead_s0.7_cifar10": {
    "model_info": {
      "type": "dwa",
      "method": "dwa_kill_active_plain_dead",
      "variant": "kill_active_plain_dead",
      "sparsity": 0.7,
      "path": "runs/dwa/kill_active_plain_dead/sparsity_0.7/cifar10"
    },
    "mia_results": {
      "confidence": {
        "accuracy": 0.20366666666666666,
        "precision": 0.9051094890510949,
        "recall": 0.0496,
        "f1": 0.09404626469472885,
        "threshold": 0.5090211089737408
      },
      "entropy": {
        "accuracy": 0.5913333333333334,
        "precision": 0.8729508196721312,
        "recall": 0.5964,
        "f1": 0.7086501901140685,
        "threshold": -1.64852078086838
      },
      "modified_entropy": {
        "accuracy": 0.21283333333333335,
        "precision": 0.899135446685879,
        "recall": 0.0624,
        "f1": 0.11670095380587245,
        "threshold": -0.45450787182807656
      },
      "neural_network": {
        "accuracy": 0.8333333333333334,
        "precision": 0.8333333333333334,
        "recall": 1.0,
        "f1": 0.9090909090909091,
        "auc": 0.6282623
      }
    },
    "shadow_used": [
      "dwa_kill_active_plain_dead_s0.5_cifar10",
      "dwa_kill_active_plain_dead_s0.8_cifar10"
    ]
  },
  "dwa_kill_active_plain_dead_s0.8_cifar10": {
    "model_info": {
      "type": "dwa",
      "method": "dwa_kill_active_plain_dead",
      "variant": "kill_active_plain_dead",
      "sparsity": 0.8,
      "path": "runs/dwa/kill_active_plain_dead/sparsity_0.8/cifar10"
    },
    "mia_results": {
      "confidence": {
        "accuracy": 0.202,
        "precision": 0.8785714285714286,
        "recall": 0.0492,
        "f1": 0.09318181818181817,
        "threshold": 0.5090211089737408
      },
      "entropy": {
        "accuracy": 0.5993333333333334,
        "precision": 0.8784256559766764,
        "recall": 0.6026,
        "f1": 0.7148279952550415,
        "threshold": -1.64852078086838
      },
      "modified_entropy": {
        "accuracy": 0.21,
        "precision": 0.8591160220994475,
        "recall": 0.0622,
        "f1": 0.11600149198060425,
        "threshold": -0.45450787182807656
      },
      "neural_network": {
        "accuracy": 0.8333333333333334,
        "precision": 0.8333333333333334,
        "recall": 1.0,
        "f1": 0.9090909090909091,
        "auc": 0.6434827999999999
      }
    },
    "shadow_used": [
      "dwa_kill_active_plain_dead_s0.5_cifar10",
      "dwa_kill_active_plain_dead_s0.7_cifar10"
    ]
  },
  "dwa_kill_active_plain_dead_s0.95_cifar10": {
    "model_info": {
      "type": "dwa",
      "method": "dwa_kill_active_plain_dead",
      "variant": "kill_active_plain_dead",
      "sparsity": 0.95,
      "path": "runs/dwa/kill_active_plain_dead/sparsity_0.95/cifar10"
    },
    "mia_results": {
      "confidence": {
        "accuracy": 0.19933333333333333,
        "precision": 0.8828125,
        "recall": 0.0452,
        "f1": 0.08599695585996955,
        "threshold": 0.5090211089737408
      },
      "entropy": {
        "accuracy": 0.5896666666666667,
        "precision": 0.8712697483908719,
        "recall": 0.5956,
        "f1": 0.7075314801615586,
        "threshold": -1.64852078086838
      },
      "modified_entropy": {
        "accuracy": 0.207,
        "precision": 0.8666666666666667,
        "recall": 0.0572,
        "f1": 0.1073170731707317,
        "threshold": -0.45450787182807656
      },
      "neural_network": {
        "accuracy": 0.8333333333333334,
        "precision": 0.8333333333333334,
        "recall": 1.0,
        "f1": 0.9090909090909091,
        "auc": 0.6240293
      }
    },
    "shadow_used": [
      "dwa_kill_active_plain_dead_s0.5_cifar10",
      "dwa_kill_active_plain_dead_s0.7_cifar10"
    ]
  },
  "dwa_kill_active_plain_dead_s0.9_cifar10": {
    "model_info": {
      "type": "dwa",
      "method": "dwa_kill_active_plain_dead",
      "variant": "kill_active_plain_dead",
      "sparsity": 0.9,
      "path": "runs/dwa/kill_active_plain_dead/sparsity_0.9/cifar10"
    },
    "mia_results": {
      "confidence": {
        "accuracy": 0.20066666666666666,
        "precision": 0.8617021276595744,
        "recall": 0.0486,
        "f1": 0.09201060204468005,
        "threshold": 0.5090211089737408
      },
      "entropy": {
        "accuracy": 0.6045,
        "precision": 0.8773340993967251,
        "recall": 0.6108,
        "f1": 0.7201980898478954,
        "threshold": -1.64852078086838
      },
      "modified_entropy": {
        "accuracy": 0.21,
        "precision": 0.8693181818181818,
        "recall": 0.0612,
        "f1": 0.11434977578475336,
        "threshold": -0.45450787182807656
      },
      "neural_network": {
        "accuracy": 0.8333333333333334,
        "precision": 0.8333333333333334,
        "recall": 1.0,
        "f1": 0.9090909090909091,
        "auc": 0.6335136
      }
    },
    "shadow_used": [
      "dwa_kill_active_plain_dead_s0.5_cifar10",
      "dwa_kill_active_plain_dead_s0.7_cifar10"
    ]
  },
  "dwa_kill_and_reactivate_s0.5_cifar10": {
    "model_info": {
      "type": "dwa",
      "method": "dwa_kill_and_reactivate",
      "variant": "kill_and_reactivate",
      "sparsity": 0.5,
      "path": "runs/dwa/kill_and_reactivate/sparsity_0.5/cifar10"
    },
    "mia_results": {
      "confidence": {
        "accuracy": 0.213,
        "precision": 0.9371069182389937,
        "recall": 0.0596,
        "f1": 0.11207220759684092,
        "threshold": 0.5090211089737408
      },
      "entropy": {
        "accuracy": 0.6011666666666666,
        "precision": 0.8761904761904762,
        "recall": 0.6072,
        "f1": 0.7173065564087419,
        "threshold": -1.64852078086838
      },
      "modified_entropy": {
        "accuracy": 0.22283333333333333,
        "precision": 0.9079903147699758,
        "recall": 0.075,
        "f1": 0.13855532976168483,
        "threshold": -0.45450787182807656
      },
      "neural_network": {
        "accuracy": 0.8333333333333334,
        "precision": 0.8333333333333334,
        "recall": 1.0,
        "f1": 0.9090909090909091,
        "auc": 0.6268078
      }
    },
    "shadow_used": [
      "dwa_kill_active_plain_dead_s0.5_cifar10",
      "dwa_kill_active_plain_dead_s0.7_cifar10"
    ]
  },
  "dwa_kill_and_reactivate_s0.7_cifar10": {
    "model_info": {
      "type": "dwa",
      "method": "dwa_kill_and_reactivate",
      "variant": "kill_and_reactivate",
      "sparsity": 0.7,
      "path": "runs/dwa/kill_and_reactivate/sparsity_0.7/cifar10"
    },
    "mia_results": {
      "confidence": {
        "accuracy": 0.2015,
        "precision": 0.8827838827838828,
        "recall": 0.0482,
        "f1": 0.09140906504835956,