experiment,method,sparsity,dataset,arch,layers,epochs,lr,best_acc1,best_loss,final_acc1,final_acc5,final_loss,total_training_time_hours,val_best_acc1,val_final_acc1,val_final_loss
dpf_sparsity_0.5_freeze3_cifar10_resnet,dpf,0.5,cifar10,resnet,20,5,0.1,73.15999603271484,0.7911493874549865,58.07999801635742,95.05999755859375,1.4740838417053224,0.01741600924068027,73.15999603271484,58.07999801635742,1.4740838417053224
